Typing vs typing,Normal,Fire,Water,Grass,Earth,Electric,Ice,Wind,Dark,Steel,Fairy,<-Pinball
Normal,1x,1x,1x,1x,1x,1x,1x,1x,1x,1x,1x,
Fire,1x,2x,4x,.5x,1x,3x,.5x,4x,2x,1x,2x,
Water,1x,*.5x,2x,4x,.75x,4x,3x,1x,2x,1x,2x,
Electric,1x,1.5x,1.75x,1x,5x,2x,1x,3x,2x,1x,2x,
Grass,1x,4x,.5x,2x,2x,3x,4x,1x,2x,1x,2x,
Earth,1x,.75x,2x,3x,2x,.5x,2x,0x,2x,5x,2x,
Ice,1x + slows pinball by .2,4x + slows pinball by .2,1x + slows pinball by .2,1x + slows pinball by .2,1x + slows pinball by .2,1x + slows pinball by .2,2x + slows pinball by .2,1x + slows pinball by .2,2x + slows pinball by .2,1x + slows pinball by .2,1x + slows pinball by .2,
Wind,1x + speeds up pinball by .2,1.75x + speeds up pinball by .2,1x + speeds up pinball by .2,1x + speeds up pinball by .2,1x + speeds up pinball by .2,1x + speeds up pinball by .2,1x + speeds up pinball by .2,2x + speeds up pinball by .2,2x + speeds up pinball by .2,1x + speeds up pinball by .2,1x + speeds up pinball by .2,
Psychic,1x + confuse enemy,1x + confuse enemy,1x + confuse enemy,1x + confuse enemy,1x + confuse enemy,1x + confuse enemy,1x + confuse enemy,1x + confuse enemy,2x + confuse enemy,1x + confuse enemy,1x + confuse enemy,
Ghost,1x + ghost buff,1x + ghost buff,1x + ghost buff,1x + ghost buff,1x + ghost buff,1x + ghost buff,1x + ghost buff,1x + ghost buff,2x + ghost buff,1x + ghost buff,1x + ghost buff,
Dark,1x + 20% dodge chance next attack (stacks),1x + 20% dodge chance next attack (stacks),1x + 20% dodge chance next attack (stacks),1x + 20% dodge chance next attack (stacks),1x + 20% dodge chance next attack (stacks),1x + 20% dodge chance next attack (stacks),1x + 20% dodge chance next attack (stacks),1x + 20% dodge chance next attack (stacks),2x + 20% dodge chance next attack (stacks),1x + 20% dodge chance next attack (stacks),1x + 20% dodge chance next attack (stacks),
Steel,1x + instant parry,1x + instant parry,1x + instant parry,1x + instant parry,1x + instant parry,1x + instant parry,1x + instant parry,1x + instant parry,2x + instant parry,10x + instant parry,1x + instant parry,
Fairy,1x + heal 20% HP,1x + heal 20% HP,1x + heal 20% HP,1x + heal 20% HP,1x + heal 20% HP,1x + heal 20% HP,1x + heal 20% HP,1x + heal 20% HP,2x + heal 20% HP,1x + heal 20% HP,2x + heal 40% HP,
^element space,,,,,,,,,,,,
,,,,,,,,,,,,
Status Name,Effect,,,,,,,,,,,
Confusion,next attack by opponent will make him deal 20% damage to himself,,,,,,,,,,,
Ghost,gurantee dodge next attack,,,,,,,,,,,